,cor,p,ratio
all_pmd,0.6572937865705004,3.513644783827148e-63,5.760000000000006
all_rulebreaks,0.27585345295723285,9.516335255307923e-52,3.610000000000003
all_sonar,0.4193700508545189,1.8130720855403128e-45,3.610000000000003
